Field size:,Surface: ,Boundary Length (Dimension): ,Leg Side Boundary Length: ,Off Side Boundary Length: ,Straight Boundary Length: ,Back Side Boundary Length: ,Batting or Bowling Pitch,Batting or Bowling Pitch,Abu Dhabi
Field size: ,Surface: ,Boundary Length (Dimension): ,Leg Side Boundary Length: ,Off Side Boundary Length:,Straight Boundary Length: ,Back Side Boundary Length: ,Batting or Bowling Pitch,Batting or Bowling Pitch,Coolidge
Field Size: ,Surface: Grass,Boundary Length (Dimension): ,Leg Side Boundary Length: ,Off Side Boundary Length:,Straight Boundary Length:,Back Side Boundary Length:,Palam A&B Stadium is a ,Palam A&B Stadium is a ,Delhi
Field size: ,Surface: ,Boundary Length (Dimension): ,Leg Side Boundary Length: ,Off Side Boundary Length: ,Straight Boundary Length: ,Back Side Boundary Length: ,Batting or Bowling Pitch,Batting or Bowling Pitch,Bloemfontein
Field size:,Surface: PVC-coated polyester fiber panels,Boundary Length (Dimension):,Leg Side Boundary Length: ,Off Side Boundary Length: ,Straight Boundary Length:,Back Side Boundary Length: ,Lords  Cricket Ground Is a Bowling Pitch.,"Lords  Cricket Ground Is a Bowling Pitch. Lord’s Cricket Ground is considered a bowling-friendly pitch. The pitch typically offers assistance to both fast bowlers and spinners, particularly early in the game. Fast bowlers can extract movement, while spinners may find grip and turn as the match progresses. The conditions, especially with overcast weather, can make it challenging for batters in the initial overs. Teams winning the toss often choose to bowl first to take advantage of these favorable bowling conditions. As the game continues, the pitch may settle a bit, but bowling remains an advantage overall.",London
Field size: 141 meters x 136 meters,Surface: Grass,Boundary Length(Dimension): 154 yards x 148 yards,Leg Side Boundary Length: 64 meters ,Off Side Boundary Length: 72 meters,Straight Boundary Length: 75 meters,Back Side Boundary Length: 66 meters,Reliance Stadium is Known for its Batting Pitch.,"Reliance Stadium is Known for its Batting Pitch. Reliance Stadium is known for being a batting-friendly pitch, where the surface offers good pace and bounce, making it ideal for batsmen to score freely. Early on, the conditions are perfect for setting a high total, as the pitch tends to settle and become more favorable for batting as the match progresses. While bowlers can still find some assistance, the pitch generally supports batsmen, allowing them to capitalize on the conditions and build solid innings. Teams winning the toss may prefer to bat first, aiming to post a strong total, knowing that the pitch will continue to favor batting as the game moves forward.",Vadodara
Field size: ,Surface: ,Boundary Length (Dimension): ,Leg Side Boundary Length: ,Off Side Boundary Length: ,Straight Boundary Length: ,The Himachal Pradesh Cricket Association Stadium is Batting Pitch.,"The Himachal Pradesh Cricket Association Stadium is Batting Pitch. The Himachal Pradesh Cricket Association (HPCA) Stadium pitch tends to favor batting, especially in the first innings. With an average score of 184 for the team batting first, the pitch provides good conditions for batsmen to score runs freely, especially during the early part of the game. However, the pitch can provide some assistance to bowlers as the match progresses, particularly to spinners. In general, it is considered a batting-friendly pitch with some help for bowlers later on.",Dharamsala
Field size:,Surface: Grass,Boundary Length (Dimension): ,Leg Side Boundary Length:,Off Side Boundary Length:,Straight Boundary Length:,Back Side Boundary Length:,The Rose Bowl Cricket Ground Is a Batting Pitch.,"The Rose Bowl Cricket Ground Is a Batting Pitch. The Rose Bowl Cricket Ground is known for its batting-friendly pitch, which tends to favor batsmen with consistent bounce and good carry. This surface often leads to high-scoring games, allowing batters to play aggressive shots throughout the innings. While bowlers can still make an impact, the pitch generally offers more rewards to those who are patient and able to build partnerships. The conditions at this venue create an exciting atmosphere, with big totals and thrilling run chases being a common feature.",Southampton
Field size: ,Surface: ,Boundary Length (Dimension): ,Leg Side Boundary Length:,Off Side Boundary Length:,Straight Boundary Length:,Back Side Boundary Length:,Batting or Bowling Pitch,Batting or Bowling Pitch,Toronto
Field size: ,Surface: ,Boundary Length (Dimension): ,Leg Side Boundary Length:,Off Side Boundary Length:,Straight Boundary Length:,Back Side Boundary Length:,Harrup Park Stadium is a,Harrup Park Stadium is a,Mackay
Field size: 164 m x 122 m,Surface: Grass,Boundary Length (Dimension): 179 yards x 133 yards,Leg Side Boundary Length: 59 meters,Off Side Boundary Length: 63 meters,Straight Boundary Length: 91 meters,Back Side Boundary Length: 73 meters,The Wanderers is known for its batting-friendly pitch.,"The Wanderers is known for its batting-friendly pitch. Where batters enjoy good support throughout the game. The pitch offers consistent bounce and pace, making it easier to score runs, particularly for the top order. However, chasing big totals can still be challenging, and teams winning the toss often prefer to set a strong total by batting first.",Johannesburg
Field size: ,Surface: Grass,Boundary Length: ,Leg Side Boundary Length:,Off Side Boundary Length:,Straight Boundary Length:,Back Side Boundary Length:,The State Bank of Pakistan Sports Complex Cricket Ground is Batting pitch.,"The State Bank of Pakistan Sports Complex Cricket Ground is Batting pitch. The State Bank of Pakistan Sports Complex Cricket Ground is predominantly a batting pitch, known for its consistent bounce and relatively flat surface. Batsmen find it conducive to playing their shots freely, especially in the early stages of the match. While pacers may get some early swing, the pitch generally favors batting throughout the game. Spinners have limited impact, and the surface doesn’t significantly slow down, making it an excellent ground for high-scoring games.",Karachi
Field size: ,Surface: ,Boundary Length (Dimension): ,Leg Side Boundary Length: ,Off Side Boundary Length:,Straight Boundary Length: ,Back Side Boundary Length: ,Batting or Bowling Pitch,Batting or Bowling Pitch,Bready
Field size: 130 Mtr X 115 Mtr,Surface: Grass,Boundary Length (Dimension): 142 Yd X 125 Yd,Leg Side Boundary Length: 54 Mtr,Off Side Boundary Length: 61 Mtr,Straight Boundary Length: 74 Mtr,Back Side Boundary Length: 56 Mtr,Warner Park Stadium is  Bowling Pitch that supports pacers.,"Warner Park Stadium is  Bowling Pitch that supports pacers. Warner Park Stadium in St. Kitts offers something for the bowlers with its slower surface. Spinners thrive here, extracting turn and bounce, while pacers who vary their pace can trouble the batters. The pitch tends to grip, making stroke-making a challenge, especially in the middle overs. Bowlers who adapt to the conditions can dominate and dictate the game at this venue.",St Kitts
Field size: ,Surface:,Boundary Length ,Leg Side Boundary Length:,Off Side  Boundary Length:,Straight Boundary Length:,Back Side Boundary Length:,Batting or Bowling Pitch,Batting or Bowling Pitch,Chennai
Field size: ,Surface: ,Boundary Length (Dimension): ,Leg Side Boundary Length: ,Off Side Boundary Length:,Straight Boundary Length: ,Back Side Boundary Length: ,Batting or Bowling Pitch,Batting or Bowling Pitch,Dallas
Field size: ,Surface: ,Boundary Length (Dimension): ,Leg Side Boundary Length: ,Off Side Boundary Length:,Straight Boundary Length: ,Back Side Boundary Length: ,Batting or Bowling Pitch,Batting or Bowling Pitch,Barbados
Field size: 134 M x 127 M,Surface: Grass,Boundary Length(Dimension): 146 yards x 138 yards,Leg Side Boundary Length: 64 meters,Off Side Boundary Length: 63 meters,Straight Boundary Length: 76 meters,Back Side Boundary Length: 58 meters,M.Chinnaswamy Stadium is a batting friendly pitch.,"M.Chinnaswamy Stadium is a batting friendly pitch. M. Chinnaswamy Stadium is known for being a batting-friendly pitch, offering good bounce and pace that favors the batsmen. The pitch tends to flatten out as the match progresses, allowing the batters to score freely, especially in the second innings. Although pacers can get some initial movement, the conditions generally favor high-scoring games. Teams chasing big totals here have a good chance of success if they can handle the pressure and pace of the initial overs.",Bengaluru
Field size: ,Surface: ,Boundary Length (Dimension): ,Leg Side Boundary Length: ,Off Side Boundary Length:,Straight Boundary Length:,Back Side Boundary Length:,Batting or Bowling Pitch,Batting or Bowling Pitch,Edinburgh
Field size: ,Surface: ,Boundary Length (Dimension): ,Leg Side Boundary Length: ,Off Side Boundary Length:,Straight Boundary Length: ,Back Side Boundary Length: ,Batting or Bowling Pitch,Batting or Bowling Pitch,Port of Spain
Field size: ,Surface: ,Boundary Length (Dimension): ,Leg Side Boundary Length: ,Off Side Boundary Length:,Straight Boundary Length: ,Back Side Boundary Length: ,Batting or Bowling Pitch,Batting or Bowling Pitch  ,Bangkok
Field Size: ,Surface: Primarily natural turf pitch,Boundary Length (Dimension): ,Leg Side Boundary Length: ,Off Side Boundary Length: ,Straight Boundary Length: ,Back Side Boundary Length:,Batting or Bowling Pitch,Batting or Bowling Pitch,Bangalore
Field size: ,Surface: Grass,Boundary Length (Dimension): ,Leg Side Boundary Length:,Off Side Boundary Length:,Straight Boundary Length:,Back Side Boundary Length:,County Ground Hove Brighton Cricket Ground Is a Batting Pitch.,"County Ground Hove Brighton Cricket Ground Is a Batting Pitch. County Ground Hove in Brighton is generally considered a batting-friendly pitch. It tends to offer more assistance to the batsmen, with good carry and bounce for the ball, especially during the early part of a match. The outfield is typically quick, and runs can be scored freely. However, bowlers can still make an impact, especially if they are accurate and consistent.",Hove
Field size:,Surface: Grass,Boundary Length: ,Leg Side Boundary Length:,Off Side Boundary Length:,Straight Boundary Length:,Back Side Boundary Length:,The Cooper Associates Cricket Ground Is a Bowlling Pitch.,"The Cooper Associates Cricket Ground Is a Bowlling Pitch. The Cooper Associates Cricket Ground is primarily known as a bowling-friendly pitch, offering conditions that favor fast bowlers. The hard surface and consistent bounce provide bowlers with plenty of assistance, making it challenging for batsmen, especially early on. The pace and bounce can create opportunities for bowlers to dominate, while the pitch tends to become more testing as the game progresses. Batsmen need to be cautious and adapt to the conditions, as the pitch can turn tricky with time, offering more rewards to the bowlers.",Taunton
Field size: 155 Mtr X 140 Mtr ,Surface: Grass,Boundary Length (Dimension): 169 Yd× 153 Yd ,Leg Side Boundary Length: 66 Mtr,Off Side Boundary Length: 74 Mtr,Straight Boundary Length: 86 Mtr,Back Side Boundary Length: 69 Mtr,St George’s Park Stadium is Batting pitch.,St George’s Park Stadium is Batting pitch.,Port Elizabeth
Field size: ,Surface: Grass,Boundary Length (Dimension): ,Leg Side Boundary Length:,Off Side Boundary Length:,Straight Boundary Length:,Back Side Boundary Length:,Cazaly’s Stadium is a Bowlling Pitch.,"Cazaly’s Stadium is a Bowlling Pitch. Cazaly’s Stadium is generally considered a bowling-friendly pitch. The surface typically offers assistance to bowlers, especially seamers, with the ball swinging early in the innings. Spinners can also get some turn as the game progresses. Batters will need to apply themselves well to post big scores here.",Cairns
Field size: 140 mtr x 130 mtr,Surface: Rye grass on a sand carpet,Boundary Length (Dimensions): 153 Yd x 142 Yd,Leg Side Boundary Length: 61 meters,Off Side Boundary Length: 69 meters,Straight Boundary Length: 79 meters,Back Side Boundary Length: 61 meters,McLean Park Cricket Stadium is a batting pitch.,"McLean Park Cricket Stadium is a batting pitch. McLean Park in Napier is known for its batting-friendly conditions, particularly for the first innings. The pitch offers good bounce and pace, which allows batsmen to play their strokes freely. While bowlers may find some early assistance, particularly pacers, the pitch generally becomes more favorable for batting as the match progresses. It’s a venue where the batting side can put up big totals, making it an exciting ground for high-scoring matches.",Napier
Field size:,Surface: Grass,Boundary Length (Dimension): ,Leg Side Boundary Length:,Off Side Boundary Length:,Straight Boundary Length:,Back Side Boundary Length:,Sophia Gardens Cricket Ground Is Bowlling Pitch.,"Sophia Gardens Cricket Ground Is Bowlling Pitch. Sophia Gardens Cricket Ground is generally considered a bowling-friendly pitch. The surface offers assistance to both pace bowlers and spinners, making it challenging for batsmen to settle, especially early in the game. The conditions often favor bowlers who can extract movement from the pitch, and it tends to become more difficult for batters as the match progresses. Teams winning the toss may opt to bowl first to take advantage of the conditions, as the pitch provides good support for both pace and spin bowling.",Cardiff
Field size: 150 Mtr X 136 Mtr,Surface: Grass,Boundary Length (Dimension): 164 Yd × 148 Yd,Leg Side Boundary Length: 72 meters,Off Side Boundary Length: 64 meters,Straight Boundary Length: 84 meters,Back Side Boundary Length: 66 meters,Zahur Ahmed Chowdhury Cricket Ground is a Batting pitch.,"Zahur Ahmed Chowdhury Cricket Ground is a Batting pitch. Zahur Ahmed Chowdhury Cricket Ground is a batting-friendly venue, offering a flat and hard pitch ideal for high-scoring matches. Batsmen enjoy consistent bounce and favorable conditions, making it perfect for aggressive stroke play.",Chattogram
Field size:  135 Mtr X 130 Mtr,Surface: Grass,Boundary Length (Dimension): 147 Yd X 142 Yd,Leg Side Boundary Length: 61 Mtr,Off Side Boundary Length: 69 Mtr,Straight Boundary Length: 76 Mtr,Back Side Boundary Length: 59 Mtr,Sabina Park Cricket Ground is a bowlling pitch.,"Sabina Park Cricket Ground is a bowlling pitch. Sabina Park Cricket Ground is known for its bowler-friendly conditions, favoring fast bowlers who can extract bounce and movement early in the innings. The pitch often offers assistance to pacers, especially during the first few hours of play, making them key to taking wickets. Spinners may come into play as the match progresses, but fast bowlers are likely to dominate early on. Choosing bowlers with good control and the ability to exploit the conditions will be crucial for success at this ground.",Kingston
Field size: ,Surface: ,Boundary Length (Dimension): ,Leg Side Boundary Length: ,Off Side Boundary Length:,Straight Boundary Length: ,Back Side Boundary Length: ,Batting or Bowling Pitch,Batting or Bowling Pitch,Kingstown
Field size: ,Surface: ,Boundary Length (Dimension): ,Leg Side Boundary Length: ,Off Side Boundary Length: ,Straight Boundary Length: ,Back Side Boundary Length: ,Batting or Bowling Pitch,Batting or Bowling Pitch,Hambantota
Field size: ,Surface: Grass,Boundary Length (Dimension):,Leg Side Boundary Length:,Off Side Boundary Length:,Straight Boundary Length:,Back Side Boundary Length:,Cobham Oval Cricket Ground is a Batting Pitch.,"Cobham Oval Cricket Ground is a Batting Pitch. Cobham Oval Cricket Ground is known for being a batting pitch, offering a flat and even surface that supports big scores. The pitch provides good pace and bounce, allowing batsmen to play their shots freely, particularly during the early stages of the game. With relatively little assistance for bowlers, especially in the first innings, teams that bat first often have the opportunity to post high totals. However, as the game progresses, the pitch may become slightly slower, offering some support to spinners later in the match.",Whangarei
Field size:,Surface: ,Boundary Length (Dimension): ,Leg Side Boundary Length: ,Off Side Boundary Length: ,Straight Boundary Length: ,Back Side Boundary Length:,Batting or Bowling Pitch,Batting or Bowling Pitch  ,Hong Kong
Field Size: ,Surface: Grass,Boundary Length (Dimension): ,Leg Side Boundary Length: ,Off Side Boundary Length:,Straight Boundary Length:,Back Side Boundary Length:,MRR Stadium is a Batting Pitch.,"MRR Stadium is a Batting Pitch. A batting pitch is typically one that offers good bounce and pace, allowing batsmen to play their shots freely. These pitches are generally flat and hard, providing consistent surface conditions that support stroke play. The ball comes onto the bat nicely, making it easier for batsmen to time their shots, especially in the early stages. However, batting pitches can also favor big scores, especially when the weather is dry and there’s little assistance for bowlers. The boundaries are usually shorter, and high-scoring matches are common on such pitches.",Hyderabad
Field size: ,Surface: ,Boundary Length (Dimension): ,Leg Side Boundary Length: ,Off Side Boundary Length:,Straight Boundary Length: ,Back Side Boundary Length: ,Batting or Bowling Pitch,Batting or Bowling Pitch,Grenada
Field size:,Surface: ,Boundary Length (Dimension): ,Leg Side Boundary Length: ,Off Side Boundary Length:,Straight Boundary Length:,Back Side Boundary Length:,Batting or Bowling Pitch,Batting or Bowling Pitch  ,Rotterdam
Field Size: ,Surface: Grass,Boundary Length: ,Leg Side Boundary Length:,Off Side Boundary Length:,Straight Boundary Length:,Back Side Boundary Length:,The Sir Paul Getty’s Stadium features a bowling-friendly pitch.,"The Sir Paul Getty’s Stadium features a bowling-friendly pitch. Sir Paul Getty’s Ground features a hard, well-maintained pitch that generally favors fast bowlers. The consistent bounce and pace create a balanced contest between bat and ball, although bowlers, especially seamers, may enjoy early movement. Batting sides must be quick to adapt as conditions can shift throughout the game.  ",Wormsley
Field size: ,Surface: ,Boundary Length (Dimension): ,Leg Side Boundary Length: ,Off Side Boundary Length: ,Straight Boundary Length: ,Back Side Boundary Length: ,Batting or Bowling Pitch,Batting or Bowling Pitch,Potchefstroom
Field size: ,Surface: Grass,Boundary Length (Dimension): ,Leg Side Boundary Length:,Off Side Boundary Length:,Straight Boundary Length:,Back Side Boundary Length:,County Ground Hove Brighton Cricket Ground Is a Batting Pitch.,"County Ground Hove Brighton Cricket Ground Is a Batting Pitch. County Ground Hove in Brighton is generally considered a batting-friendly pitch. It tends to offer more assistance to the batsmen, with good carry and bounce for the ball, especially during the early part of a match. The outfield is typically quick, and runs can be scored freely. However, bowlers can still make an impact, especially if they are accurate and consistent.",Brighton
Field size: ,Surface: Grass pitch,Boundary Length (Dimension): ,Leg Side Boundary Length: ,Off Side Boundary Length:,Straight Boundary Length: ,Back Side Boundary Length: ,CIYMS Cricket Stadium is a,CIYMS Cricket Stadium is a,Belfast
Field size: ,Surface: ,Boundary Length(Dimension): ,Leg Side Boundary Length: ,Off Side Boundary Length:,Straight Boundary Length:,Back Side Boundary Length:, Bowling Freindly Pitch," Bowling Freindly Pitch Green Park Stadium generally tends to favor bowlers, especially in the T20 format. With a dry and slightly slower surface, bowlers get good assistance, particularly spinners. However, during the latter stages of the match, the pitch becomes more favorable to the batting side, allowing for higher scores.",Kanpur
Field size:,Surface: Grass,Boundary Length (Dimension):,Leg Side Boundary Length:,Off Side Boundary Length:,Straight Boundary Length:,Back Side Boundary Length:,John Davies Oval Cricket Ground is a Batting Pitch.,"John Davies Oval Cricket Ground is a Batting Pitch. 

If anyone wants to cover match loss or needs help in match-winning at FREE OF COST, click here and share your name. We’ll help you with the right guidance.  On a batting-friendly pitch like John Davies Oval, the conditions are ideal for aggressive and high-scoring innings. Batsmen will likely enjoy the bounce and carry, allowing them to play a variety of shots and build big partnerships. With the pitch offering good value for well-timed strokes, scores of 200 or more could easily be posted, making it a challenging total for any chasing team. However, while it’s a paradise for batsmen, bowlers will need to be strategic, looking for early breakthroughs or using variations to restrict the flow of runs. It’s the kind of pitch where the team batting first could set a daunting target, but the chase would still be possible if the batters apply themselves well.",Queenstown
Field size: Surface:,Boundary Length ,Leg Side Boundary Length:,Off Side Boundary Length: ,Straight Boundary Length:,Back Side Boundary Length:,Iqbal Cricket Stadium appears to be a batting-friendly pitch,"Iqbal Cricket Stadium appears to be a batting-friendly pitch Iqbal Cricket Stadium appears to be a batting-friendly pitch, especially in the first innings. However, the decline in scores in the second innings suggests it may offer some help to bowlers later in the game, possibly spinners as the pitch wears down. Teams winning the toss might prefer to bat first to take full advantage of the favorable batting conditions upfront.",Faisalabad
Field size:,Surface: Grass,Boundary Length (Dimension):,Leg Side Boundary Length:,Off Side Boundary Length:,Straight Boundary Length:,Back Side Boundary Length:,County Ground Northampton Cricket Ground is a Batting Pitch.,"County Ground Northampton Cricket Ground is a Batting Pitch. County Ground Northampton is known for being a batting-friendly pitch. The surface provides good pace and bounce, making it ideal for batsmen to score runs with confidence. Batting conditions remain favorable throughout the match, allowing players to play their shots and build partnerships. While bowlers can still make an impact, especially early on, the overall conditions are conducive to high totals, with batting becoming even easier as the game progresses. Teams winning the toss often choose to bat first, taking advantage of the solid conditions to set a challenging total.",Northampton
Field size: ,Surface: ,Boundary Length (Dimension): ,Leg Side Boundary Length: ,Off Side Boundary Length:,Straight Boundary Length:,Back Side Boundary Length:,Batting or Bowling Pitch,Batting or Bowling Pitch,Aberdeen
Field size: ,Surface: ,Boundary Length (Dimension): ,Leg Side Boundary Length: ,Off Side Boundary Length: ,Straight Boundary Length: ,Back Side Boundary Length: ,Batting or Bowling Pitch,Batting or Bowling Pitch,Colombo
Field size: 175 mtr x 135 mtr,Surface: Grass,Boundary Length (Dimension): 191 Yd x 147 Yd,Leg Side Boundary Length: 63 meters,Off Side Boundary Length: 72 meters,Straight Boundary Length: 96 meters,Back Side Boundary Length: 79 meters ,Bellerive Oval  Cricket Ground is a Batting Pitch.,"Bellerive Oval  Cricket Ground is a Batting Pitch. Pitches typically start off slow and gradually flatten out as the match progresses. Over time, the pitch characteristics have evolved, leading to a more balanced contest between bat and ball. While bowlers may enjoy some initial assistance, particularly early on, the conditions tend to favor the batsmen as the game moves forward, making for an exciting and competitive encounter.",Hobart
Field size: ,Surface: Grass,Boundary Length (Dimension): ,Leg Side Boundary Length: ,Off Side Boundary Length:,Back Side Boundary Length: ,KL Saini Stadium is generally regarded as a bowling-friendly pitch.,"KL Saini Stadium is generally regarded as a bowling-friendly pitch. offering good assistance to both pacers and spinners. The surface tends to offer movement for fast bowlers early on, with the ball swinging and seaming, making it challenging for batsmen. As the match progresses, spinners can also find grip and turn, especially on the dry patches. The pitch’s consistency provides a balanced contest between bat and ball, but it tends to favor the bowlers more, particularly in the early stages of the game. This makes KL Saini Stadium an exciting venue for bowlers to shine.",Jaipur
Field size: 180 m x 150 m,Surface: Grass,Boundary Length(Dimension): 196 yards x 164 yards,Leg Side Boundary Length: 71 meters,Off Side Boundary Length: 79 meters,Straight Boundary Length: 99 meters,Back Side Boundary Length: 81 meters,Dr. YS Rajasekhara Reddy ACA VDCA Stadium is known for its batting pitch.,"Dr. YS Rajasekhara Reddy ACA VDCA Stadium is known for its batting pitch. Dr. YS Rajasekhara Reddy ACA VDCA Stadium is known for its batting-friendly pitch, offering a smooth surface that allows batsmen to play their shots freely. The pitch provides consistent bounce and pace, making it a paradise for stroke-makers. Batters can build long innings here, especially as the game progresses and the pitch becomes even more predictable.",Visakhapatnam
Field size: 154 M x 132 M,Surface: Grass,Boundary Length (Dimensions): 168 yards x 144 Yards,Leg Side Boundary Length: 62M,Off Side Boundary Length: 70M,Straight Boundary Length: 86M,Back Side Boundary Length: 68M,Tribhuvan University International Cricket Ground is a Bowling Pitch,"Tribhuvan University International Cricket Ground is a Bowling Pitch Tribhuvan University International Cricket Ground is known for being a bowler-friendly pitch. The pitch tends to offer assistance to bowlers, especially pacers, early on with some movement. Spinners also tend to play a crucial role as the match progresses, making it challenging for batsmen. Teams opting to bowl first often have an advantage here.",Kirtipur
Field size: 135 Mtr X 120 Mtr,Surface: Grass,Boundary Length (Dimension): 147 Yd X 131 Yd,Leg Side Boundary Length: 56 Mtr,Off Side Boundary Length: 64 Mtr,Straight Boundary Length: 76 Mtr,Back Side Boundary Length: 59 Mtr,Sharjah Stadium is Bowling Pitch  that supports pacers.,"Sharjah Stadium is Bowling Pitch  that supports pacers. Sharjah Stadium is known for its unpredictable pitch conditions, but it often favors bowlers, especially spinners, due to its slow surface. The pitch tends to assist turn and grip, making it challenging for batters to play freely. While pacers can exploit early movement under lights, spinners usually dominate the middle overs. Bowlers who vary their pace and lengths are often rewarded on this track.",Sharjah
Field size: ,Surface: Grass,Boundary Length (Dimension): ,Leg Side Boundary Length: ,Off Side Boundary Length:,Back Side Boundary Length: ,Keenan Stadium is Batting  Pitch.,"Keenan Stadium is Batting  Pitch. Keenan Stadium in Jamshedpur is traditionally known as a batting-friendly pitch. The surface generally offers consistent bounce and true pace, making it ideal for stroke play. Batters can capitalize on the even bounce to play their shots freely, especially during the early overs. However, spinners can come into play as the match progresses, adding balance to the contest between bat and ball.",Jamshedpur
Field size: ,Surface: ,Boundary Length(Dimension): ,Leg Side Boundary Length: ,Off Side Boundary Length:,Straight Boundary Length:,Back Side Boundary Length: ,"Dr. Gokaraju Liala Gangaraju ACA Stadium favors early batting, with later assistance for bowlers.","Dr. Gokaraju Liala Gangaraju ACA Stadium favors early batting, with later assistance for bowlers. Dr. Gokaraju Liala Gangaraju ACA Stadium, also known as Driems Ground, is a pitch that tends to favor batters, with good carry and bounce for fast bowlers. However, it provides ample support to spin bowlers as the game progresses. Overall, it’s balanced, but generally, the batsmen have an advantage early on, especially during the initial phase of the innings.",Cuttack
Field size: 140 m x 130 m,Surface: Grass,Boundary Length(Dimension): 153 yards x 142 yards,Leg Side Boundary Length: 63 meters,Off Side Boundary Length: 67 meters,Straight Boundary Length: 79 meters,Back Side Boundary Length: 61 meters,Bay Oval Cricket Ground is Bowling Pitch.,"Bay Oval Cricket Ground is Bowling Pitch. Bay Oval’s bowling pitch is a dynamic challenge for bowlers, with its fresh grass providing ideal conditions for pace and bounce. Fast bowlers can capitalize on the early moisture for swing, while seamers can find movement off the pitch. The conditions remain favorable for bowlers throughout, offering a perfect balance of speed and swing, ensuring an exciting battle between bat and ball.",Mount Maunganui
Field size:,Surface: Desso Grass Master,Boundary Length (Dimension):,Leg Side Boundary Length:,Off Side Boundary Length:,Straight Boundary Length:,Back Side Boundary Length:,Old Trafford Cricket Ground Is a batting Pitch.,"Old Trafford Cricket Ground Is a batting Pitch. Old Trafford Cricket Ground is generally considered a batting-friendly pitch. The surface typically offers good bounce and pace, making it conducive to high scoring. Batsmen can play their shots with confidence, especially during the first innings. While bowlers might find some assistance in the early overs, the pitch usually becomes more favorable for batting as the game progresses, allowing for big totals. Teams winning the toss often choose to bat first, taking advantage of the favorable batting conditions early in the match.",Manchester
Field size: ,Surface: ,Boundary Length (Dimension): ,Leg Side Boundary Length: ,Off Side Boundary Length:,Straight Boundary Length: ,Back Side Boundary Length: ,Batting or Bowling Pitch,Batting or Bowling Pitch,St Lucia
Field Size: ,Surface: Grass pitch,Boundary Length (Dimension): ,Leg Side Boundary Length:,Off Side Boundary Length:,Straight Boundary Length:,Back Side Boundary Length:,International Sports Stadium is a Bowling Pitch.,"International Sports Stadium is a Bowling Pitch. Bowling Pitch: The International Sports Stadium is known for its bowling-friendly conditions, where the pitch generally offers assistance to both pace bowlers and spinners. The surface tends to have good bounce and carries, making it ideal for bowlers who can extract movement off the pitch. Bowlers are likely to dominate here, especially in the early stages of the game, with swing and spin coming into play as the match progresses.",Coffs Harbour
Former names: Saxton Field,Field size:,Surface: Grass,Boundary Length(Dimension): ,Leg Side Boundary Length:,Off Side  Boundary Length:,Straight Boundary Length:,Back Side  Boundary Length:,Saxton Oval Stadium is a Batting Pitch.,"Saxton Oval Stadium is a Batting Pitch. A batting-friendly pitch provides excellent conditions for batsmen, offering good bounce and carry throughout the match. The pitch tends to favor aggressive stroke play, allowing batters to score freely, especially in the middle and later overs. While pacers may get some early movement, the true nature of the surface generally supports batting, making it ideal for high-scoring games. Spinners may find some turn as the match progresses, but overall, a batting-friendly pitch offers the best chances for big scores.",Nelson
Field size:,Surface: ,Boundary Length (Dimension): ,Leg Side Boundary Length: ,Off Side Boundary Length: ,Straight Boundary Length: ,Back Side Boundary Length:,Batting or Bowling Pitch,Batting or Bowling Pitch  ,Utrecht
Field size: ,Surface: ,Boundary Length (Dimension): ,Leg Side Boundary Length: ,Off Side Boundary Length:,Straight Boundary Length:,Back Side Boundary Length:,Batting or Bowling Pitch,Batting or Bowling Pitch  ,Windhoek
Field size: ,Surface: Grass,Boundary Length (Dimension): ,Leg Side Boundary Length:,Off Side Boundary Length:,Straight Boundary Length:,Back Side Boundary Length:,Trent Bridge Stadium Is a Batting Pitch.,"Trent Bridge Stadium Is a Batting Pitch. 

If anyone wants to cover match loss or needs help in match-winning at FREE OF COST, click here and share your name. We’ll help you with the right guidance.  Trent Bridge Stadium is generally considered a batting-friendly pitch. The surface offers good bounce and pace, which allows batsmen to play their shots confidently. While it does provide some assistance to the bowlers, especially early on, the conditions tend to favor the batters, making it an ideal venue for high-scoring matches. The boundary sizes and flat nature of the pitch further enhance the prospects for big totals.",Nottingham
Field size: ,Surface: Grass,Boundary Length (Dimension): ,Leg Side Boundary Length: ,Off Side Boundary Length: ,Straight Boundary Length: ,Back Side Boundary Length: ,County Ground Derby Cricket Stadium Is a Batting Pitch.,"County Ground Derby Cricket Stadium Is a Batting Pitch. County Ground Derby is known for being a batting-friendly pitch, providing good bounce and pace that favors batsmen. The surface is ideal for aggressive stroke play, making it perfect for high-scoring games. While bowlers can make an impact early in the innings, the pitch generally supports batting throughout the match. Teams that can capitalize on these favorable conditions are likely to post large totals and set challenging targets.",Derby
Field size: ,Surface: flat pitch,Boundary Length (Dimension): ,Leg Side Boundary Length: ,Off Side Boundary  Length:,Straight Boundary Length: ,Back Side Boundary Length: ,Buffalo Stadium Stadium is batting pitch.,"Buffalo Stadium Stadium is batting pitch. Buffalo Stadium (also known as Buffalo Park) in East London, South Africa, is generally considered a batting-friendly pitch. The surface tends to be relatively flat, which offers good conditions for batsmen to play their shots. However, like many South African pitches, it can still provide some assistance to bowlers, particularly with the bounce and pace, but overall, it leans towards being a batting-friendly wicket.",East London
Field size: ,Surface: Grass,Boundary Length (Dimension): ,Leg Side Boundary Length: ,Off Side Boundary Length: ,Straight Boundary Length: ,Back Side Boundary Length: ,Holkar Stadium is  batting pitch.,"Holkar Stadium is  batting pitch. . The surface tends to favor batsmen, providing good bounce and pace, making it ideal for stroke play. While fast bowlers may find some assistance with the new ball, the pitch typically becomes more favorable for batsmen as the game progresses. Spinners can also come into play during the middle overs, but overall, it is a high-scoring ground, with batters having the advantage.",Indore
Field size: ,Surface: ,Boundary Length (Dimension):,Leg Side Boundary Length: ,Off Side Boundary Length:,Straight Boundary Length: ,Back Side Boundary Length: ,Content,"Content 

If anyone wants to cover match loss or needs help in match-winning at FREE OF COST, click here and share your name. We’ll help you with the right guidance. ",Darwin
Field size: ,Surface: Grass,Boundary Length (Dimension): ,Leg Side Boundary Length: ,Off Side Boundary Length: ,Straight Boundary Length: ,Back Side Boundary Length: ,County Ground Bristol Cricket Stadium Is a Batting Pitch.,"County Ground Bristol Cricket Stadium Is a Batting Pitch. County Ground Bristol Cricket Stadium is known to be a batting-friendly pitch. The surface generally offers good bounce and pace, making it favorable for batters to score runs. In the early stages of the game, the pitch tends to play well for batsmen, especially in limited-overs formats, where high scores are often posted. While it may offer some assistance to the bowlers later in the game, it remains a predominantly favorable surface for batting, encouraging exciting run chases and big totals.",Bristol
Field size: ,Surface: ,Boundary Length (Dimension): ,Leg Side Boundary Length:,Off Side Boundary Length:,Straight Boundary Length:,Back Side Boundary Length:,Batting or Bowling Pitch,Batting or Bowling Pitch,Almeria
Field size: Surface:,Boundary Length ,Leg Side Boundary Length: ,Off Side Boundary Length:,Back Side Boundary Length: ,"Mirpur Cricket Stadium, is  bowling-friendly pitch.","Mirpur Cricket Stadium, is  bowling-friendly pitch. The pitch tends to offer assistance to the fast bowlers, with some movement off the seam. As the match progresses, spinners tend to get more purchase from the surface, making it conducive for them to take control in the middle overs. Batsmen will need to adapt quickly to the changing conditions, and while high scores are possible, the pitch usually demands patience and careful shot selection.",Mirpur
Field size: ,Surface:,Boundary Length(Dimension): ,Leg Side Boundary Length:,Off Side Boundary Length,Straight Boundary Length:,Back Side Boundary Length:,Batting or Bowling Pitch,Batting or Bowling Pitch,Lahore
Field size: 128 Mtr X 126 Mtr,Surface: double-brick layer that’s 30 inches deep,Boundary Length (Dimension): 139 Yd X 137 Yd,Leg Side Boundary Length: 59 Mtr,Off Side Boundary Length: 67 Mtr,Straight Boundary Length: 73 Mtr,Back Side Boundary Length: 55 Mtr,Vidarbha Cricket Association Stadium is a Batting Pitch.,"Vidarbha Cricket Association Stadium is a Batting Pitch. The pitch at Vidarbha Cricket Association Stadium is considered batting-friendly, offering solid bounce and pace. Batsmen are expected to dominate the conditions, with the ball coming onto the bat nicely, allowing for stroke play. The surface supports aggressive batting, particularly in the early stages, and is ideal for top-order batsmen to settle in and build partnerships. This pitch offers good scoring potential, making it favorable for high totals in the first innings.",Nagpur
Field size: ,Surface: Grass,Boundary Length (Dimension): ,Leg Side Boundary Length: ,Off Side Boundary Length: ,Straight Boundary Length: ,Back Side Boundary Length:,I.S. Bindra Stadium is a Batting Pitch.,"I.S. Bindra Stadium is a Batting Pitch. On a batting-friendly pitch like this, the surface typically provides excellent bounce and carry, allowing batsmen to play their shots with confidence. The ball comes onto the bat nicely, making it easier for the batters to time the ball effectively, especially in the early stages. The pitch tends to remain consistent throughout the game, offering great opportunities for aggressive stroke play. As the innings progresses, the pitch might offer some minor assistance to spinners, but it will mostly favor the batters. Teams will be looking to set high totals, especially during the first innings. Overall, this pitch is ideal for exciting, high-scoring encounters, with the batters taking center stage.",Chandigarh
Field size: 155m x 127m,Surface: Grass,Boundary Length (Dimension): 169 Yd x 138 Yd,Leg Side Boundary Length: 61m,Off Side Boundary Length: 66m,Straight Boundary Length: 88m,Back Side Boundary Length: 67m,Boland Park is a bowling pitch.,"Boland Park is a bowling pitch. Boland Park is known to be a bowler-friendly pitch, offering assistance to both pacers and spinners. The surface often provides good bounce and movement for seamers, especially early in the game, while spinners can extract turn as the match progresses. Batters may find it challenging to score freely, as the conditions generally favor disciplined and skillful bowling. This makes Boland Park a venue where bowlers can dominate and low-scoring matches are common.",Paarl
Field Size: ,Surface: Grass ,Boundary Length (Dimension):,Leg Side Boundary Length:,Off Side Boundary Length:,Straight Boundary Length:,Back Side Boundary Length:,Bert Sutcliffe Oval Cricket Ground iS a batting pitch.,"Bert Sutcliffe Oval Cricket Ground iS a batting pitch. Bert Sutcliffe Oval Cricket Ground is known for its batting-friendly pitch. The surface provides good pace and bounce, making it ideal for batsmen to play their shots and accumulate runs. Batting conditions are generally favorable throughout the match, with the pitch offering plenty of opportunities for high scores. While bowlers may find some assistance early on, the overall conditions tend to favor batting, allowing batsmen to take advantage of the pace and bounce as the game progresses. Teams winning the toss often choose to bat first to capitalize on these favorable conditions.",Lincoln
Field size: ,Surface: ,Boundary Length (Dimension): ,Leg Side Boundary Length: ,Off Side Boundary Length:,Straight Boundary Length:,Back Side Boundary Length:,Batting or Bowling Pitch,Batting or Bowling Pitch,Lauderhill
Field size: ,Surface: Grass,Boundary Length (Dimension): ,Leg Side Boundary Length: ,Off Side Boundary Length: ,Straight Boundary Length: ,Back Side Boundary Length:,Sanosara Cricket Ground B is a Batting Pitch.,"Sanosara Cricket Ground B is a Batting Pitch. Winning the toss and choosing to bat first on a batting-friendly pitch would be a strategic decision to make the most of the favorable conditions. The pitch provides excellent support for the batters, allowing them to play their shots freely, especially in the early stages of the innings. Opting to bat first will enable the team to set a big total, putting pressure on the opposition. As the pitch tends to offer consistent bounce and good carry, the top-order batsmen will look to capitalize on these conditions to lay a solid foundation. Posting a high total will give the team an advantage, as the chasing side could face more challenges if the pitch slows down or if the bowlers come into play in the later stages. Therefore, batting first on such a surface would be a smart move to maximize the potential for a strong performance.",Rajkot
Field size: 105 m x 95 m,Surface: MOTZ Turf,Boundary Length: 114 yards x 103 yards,Leg Side Boundary Length: 44M,Off Side Boundary Length: 51M,Straight Boundary Length: 62M,Back Side Boundary Length: 43M,Eden park favours bowlers,"Eden park favours bowlers 

If anyone wants to cover match loss or needs help in match-winning at FREE OF COST, click here and share your name. We’ll help you with the right guidance.  Eden Park is known for its bowling-friendly pitch, where the conditions early in the match offer significant assistance to bowlers, especially pacers. The pitch can be challenging for batsmen, particularly in the second innings, as it tends to become more difficult to score. Teams bowling first can capitalize on these conditions to restrict the opposition to a low total. In contrast, the batting side may struggle to chase down the target in the second innings due to the harsh pitch conditions.",Auckland
Field size: ,Surface: ,Boundary Length (Dimension): ,Leg Side Boundary Length: ,Off Side Boundary Length:,Straight Boundary Length: ,Back Side Boundary Length:,Batting or Bowling Pitch,Batting or Bowling Pitch  ,Loughborough
Field size: 142 m x 122 m,Surface: Grass,Boundary Length (Dimension): 156 yards x 133 yards,Leg Side Boundary Length: 56 meters,Off Side Boundary Length: 66 meters,Straight Boundary Length: 80 meters,Back Side Boundary Length: 62 meters,SuperSport Park Stadium is a batting freindly pitch,"SuperSport Park Stadium is a batting freindly pitch The surface at SuperSport Park in Centurion is known for its flat, batting-friendly conditions, offering little assistance to bowlers. While batters can accumulate runs quickly, captains winning the toss may prefer to bowl first, aiming to exploit any early movement or potential moisture in the pitch before it becomes easier to bat in the second innings. This strategy provides a chance to chase down a target later on a more predictable surface.",Centurion
Field size: ,Surface: ,Boundary Length (Dimension): ,Leg Side Boundary Length: ,Off Side Boundary Length:,Straight Boundary Length: ,Back Side Boundary Length: ,Batting or Bowling Pitch,Batting or Bowling Pitch  ,Nairobi
Field size: ,Surface: Grass,Boundary Length (Dimension): ,Leg Side Boundary Length: ,Off Side Boundary Length:,Straight Boundary Length: ,Back Side Boundary Length: ,The JSCA International Stadium isbowling pitch.,"The JSCA International Stadium isbowling pitch. The JSCA International Stadium is generally considered a bowling pitch. The conditions tend to favor bowlers, especially in the second innings, with the pitch offering some assistance in terms of bounce and movement. While batsmen may find some opportunities early on, the surface can become tougher to bat on as the game progresses, making it more favorable for the bowlers.",Ranchi
Field Size: ,Surface: Grass,Boundary Length (Dimension): ,Leg Side Boundary Length: ,Off Side Boundary Length:,Straight Boundary Length:,Back Side Boundary Length:,Nehru Stadium is a Batting Pitch.,"Nehru Stadium is a Batting Pitch. The Nehru Stadium pitch is typically a batting-friendly surface, offering good bounce and consistent pace, making it ideal for batsmen to play their shots. Batsmen can expect to score freely, especially in the initial stages of the match. However, as the game progresses, spinners may come into play, but the pitch generally remains favorable for batting throughout. Due to these conditions, high-scoring games are common, and teams tend to post large totals.",Guwahati
Field size: ,Surface: Turf,Boundary Length (Dimension): ,Leg Side Boundary Length: ,Off Side Boundary Length:,Straight Boundary Length:,Back Side Boundary Length:,Selangor Turf Stadium is a Bowling Pitch.,"Selangor Turf Stadium is a Bowling Pitch. Selangor Turf Stadium is primarily a bowling pitch. The pitch offers early assistance to fast bowlers with swing and seam movement, making it difficult for batsmen, especially in the initial overs. As the match progresses, it can become more manageable for batting, but overall, the pitch is known to favor bowlers. Teams winning the toss often choose to bowl first, taking advantage of the favorable conditions for bowlers early in the game.",Kuala Lumpur
Field size: 174 metres x 149 metres ,Surface: Grass,Boundary Length (Dimension): 190 yd × 162 yd,Leg Side Boundary Length: 79 meters,Off Side Boundary Length: 70 meters,Straight Boundary Length: 96 meters,Back Side Boundary Length: 78 meters ,MCG offers a balanced pitch with great scoring opportunities for batters.,"MCG offers a balanced pitch with great scoring opportunities for batters. 

If anyone wants to cover match loss or needs help in match-winning at FREE OF COST, click here and share your name. We’ll help you with the right guidance.  Melbourne Cricket Ground (MCG) is known for its balanced pitch, but when it comes to batting, it offers a lot to the players. The surface tends to be flat, especially in the early overs, making it ideal for stroke play. With its massive outfield, batters can take advantage of gaps and convert ones into twos. However, as the match progresses, the pitch may slow down, making shot selection crucial. A dream venue for batters who enjoy building their innings!",Melbourne
Field size:,Surface: Grass,Boundary Length (Dimension):,Leg Side Boundary Length:,Off Side Boundary Length:,Straight Boundary Length:,Back Side Boundary Length:,Riverside Cricket Ground Is a Batting Pitch.,"Riverside Cricket Ground Is a Batting Pitch. Riverside Cricket Ground is generally considered a batting-friendly pitch. The surface provides solid support for batsmen, allowing them to play aggressive shots, especially during the initial stages of the match. While it may offer some assistance to bowlers, the pitch tends to favor the batsmen, leading to high-scoring games. Teams that win the toss may often prefer to bat first, taking advantage of the conditions to post a big total.",Chester-le-Street
Field size: ,Surface: ,Boundary Length (Dimension): ,Leg Side Boundary Length: ,Off Side Boundary Length: ,Straight Boundary Length: ,Back Side Boundary Length: ,Batting or Bowling Pitch,Batting or Bowling Pitch,Pretoria
Field size: ,Surface: Grass,Boundary Length (Dimension): ,Leg Side Boundary Length: ,Off Side Boundary Length: ,Straight Boundary Length: ,Back Side Boundary Length: ,Sylhet International Cricket Stadium is batting freindly pitch.,"Sylhet International Cricket Stadium is batting freindly pitch. Sylhet International Cricket Stadium is a batting haven where stroke makers thrive! The even surface and true bounce make it a dream come true for batters to play their shots freely. This ground is tailor-made for run-fests! The batters can settle in quickly and unleash their firepower, making it tough for bowlers to restrict the scoring.",Sylhet
Field size: ,Surface: Grass,Boundary Length (Dimension): ,Leg Side Boundary Length:,Off Side Boundary Length:,Straight Boundary Length:,Back Side Boundary Length:,Sharad Pawar Stadium is a ,Sharad Pawar Stadium is a ,Mumbai
Field size:,Surface: ,Boundary Length (Dimension): ,Leg Side Boundary Length: ,Off Side Boundary Length: ,Straight Boundary Length: ,Back Side Boundary Length: ,Batting or Bowling Pitch,Batting or Bowling Pitch  ,Scarborough
Field size:,Surface: Grass,Boundary Length (Dimension):,Leg Side Boundary Length: ,Off Side Boundary Length: ,Straight Boundary Length: ,Back Side Boundary Length: ,Batting or Bowling Pitch,Batting or Bowling Pitch  ,Wellington
Field size: ,Surface: Green,Boundary Length :,Leg Side Boundary Length:,Off Side Boundary Length: ,Straight Boundary Length:,Back Side Boundary Length:,Shoaib Akhtar Cricket Stadium is bowling-friendly pitch.,"Shoaib Akhtar Cricket Stadium is bowling-friendly pitch. The surface tends to provide assistance to fast bowlers, especially in the early stages of the match. With a good amount of bounce and movement, pacers can exploit the conditions to their advantage. As the game progresses, spinners may also find some turn, though the pitch usually favors the bowlers more than the batsmen. Batsmen might struggle to score freely in the initial overs but can play their shots once the pitch settles. Overall, it’s a ground where bowlers tend to dominate, especially early in the innings.",Rawalpindi
Field size:,Surface: Grass,Boundary Length (Dimension): ,Leg Side Boundary Length:,Off Side Boundary Length:,Straight Boundary Length:,Back Side Boundary Length:, County Ground Chelmsford Cricket Ground Is a Batting  Pitch.," County Ground Chelmsford Cricket Ground Is a Batting  Pitch. County Ground Chelmsford is generally considered a batting-friendly pitch. The surface offers consistent bounce and good pace, making it ideal for batsmen to play aggressive shots and score runs. While bowlers can still make an impact, especially with early breakthroughs, the pitch tends to favor the batters, particularly during the initial stages of a match. As a result, teams often post high scores here, and chasing targets can be a challenging task for the opposition. Batting depth and strong partnerships are key to success on this pitch.",Chelmsford
Field size: ,Surface: ,Boundary Length (Dimension): ,Leg Side Boundary Length: ,Off Side Boundary Length:,Straight Boundary Length: ,Back Side Boundary Length: ,Batting or Bowling Pitch,Batting or Bowling Pitch,Trinidad
Field size: ,Surface: ,Boundary Length (Dimension): ,Leg Side Boundary Length: ,Off Side Boundary Length:,Straight Boundary Length: ,Back Side Boundary Length: ,Batting or Bowling Pitch,Batting or Bowling Pitch,Tarouba
Field size:,Surface: Grass,Boundary Length (Dimension):,Leg Side Boundary Length:,Off Side Boundary Length:,Straight Boundary Length:,Back Side Boundary Length:,Headingley Cricket Ground is a Batting pitch. ,"Headingley Cricket Ground is a Batting pitch.  Headingley Cricket Ground is generally considered a bowling-friendly pitch. Fast bowlers can extract early movement, especially if the conditions are overcast. The pitch can offer bounce and help seamers early on, while spinners may get assistance as the game progresses. So, if you’re predicting for the toss, the team winning it would likely prefer to bowl first.",Leeds
Field size: 147  Mtr x 122 Mtr,Surface: Grass,Boundary Length (Dimension): ,Leg Side Boundary Length: 55 meters,Off Side Boundary Length: 67 meters,Straight Boundary Length: 78 meters,Back Side Boundary Length: 69 meters,Kingsmead Stadium Batting-Friendly Pitch,"Kingsmead Stadium Batting-Friendly Pitch Kingsmead Stadium is known for being a batting-friendly pitch, offering favorable conditions for batsmen. The surface generally provides good bounce and pace, allowing players to play their shots comfortably. While there may be some assistance for bowlers early on, the pitch tends to favor batsmen throughout the match, making it ideal for high scores.",Durban
Field size: 156 m x 154 m,Surface: Stabilized turf,Boundary Length (Dimension): 170 Yd  x 168 Yd,Leg Side Boundary Length: 73 mtr,Off Side Boundary Length: 81 mtr,Straight Boundary Length: 87 mtr,Back Side Boundary Length: 69 mtr,"At Sydney Cricket Ground, the toss plays a crucial role, with teams batting first having a slight advantage, winning 52% of the time. The pitch tends to slow down in the second innings, making it harder to chase down big totals. Therefore, the team winning the toss is likely to opt for batting first to capitalize on the good conditions early on. This gives them a better chance of setting a challenging total and putting pressure on the chasing side.","At Sydney Cricket Ground, the toss plays a crucial role, with teams batting first having a slight advantage, winning 52% of the time. The pitch tends to slow down in the second innings, making it harder to chase down big totals. Therefore, the team winning the toss is likely to opt for batting first to capitalize on the good conditions early on. This gives them a better chance of setting a challenging total and putting pressure on the chasing side. 

If anyone wants to cover match loss or needs help in match-winning at FREE OF COST, click here and share your name. We’ll help you with the right guidance. ",Sydney
Field size: 160 metres x 140 metres,Surface: Bermuda Grass,Boundary Length (Dimension):  180 yd x 153 yd,Leg Side Boundary Length: 66 meters,Off Side Boundary Length: 74 meters,Straight Boundary Length: 89 meters,Back Side Boundary Length: 71 meters ,"The Narendra Modi Stadium is renowned for its batting-friendly conditions, making it a paradise for batsmen.","The Narendra Modi Stadium is renowned for its batting-friendly conditions, making it a paradise for batsmen.  The pitch offers a true and consistent bounce, allowing players to execute their strokes freely. Fast outfields further enhance scoring opportunities, rewarding well-timed shots. While pacers may find some movement early on, the pitch generally settles into a batter’s haven as the game progresses. Spinners can come into play during the latter stages, adding an element of strategy to the game. High-scoring encounters are a hallmark of this venue, with batsmen often dominating proceedings, making it an exciting ground for cricket enthusiasts.",Ahmedabad
Field size: ,Surface: ,Boundary Length (Dimension): ,Leg Side Boundary Length: ,Off Side Boundary Length: ,Straight Boundary Length: ,Back Side Boundary Length: ,Batting or Bowling Pitch,Batting or Bowling Pitch,Dubai
Field size:,Surface: ,Boundary Length (Dimension): ,Leg Side Boundary Length: ,Off Side Boundary Length: ,Straight Boundary Length: ,Back Side Boundary Length:,Batting or Bowling Pitch,Batting or Bowling Pitch  ,Amstelveen
Field size: 130 Mtr X 115 Mtr,Surface: Grass,Boundary Length (Dimension): 142 Yd X 125 Yd,Leg Side Boundary Length: 54 Mtr,Off Side Boundary Length: 61 Mtr,Straight Boundary Length: 74 Mtr,Back Side Boundary Length: 56 Mtr,Warner Park Stadium is  Bowling Pitch that supports pacers.,"Warner Park Stadium is  Bowling Pitch that supports pacers. Warner Park Stadium in St. Kitts offers something for the bowlers with its slower surface. Spinners thrive here, extracting turn and bounce, while pacers who vary their pace can trouble the batters. The pitch tends to grip, making stroke-making a challenge, especially in the middle overs. Bowlers who adapt to the conditions can dominate and dictate the game at this venue.",Basseterre
Field size: ,Surface: ,Boundary Length (Dimension): ,Leg Side Boundary Length: ,Off Side Boundary Length: ,Straight Boundary Length: ,Back Side Boundary Length: ,Batting or Bowling Pitch,Batting or Bowling Pitch,Kandy
Field size: ,Surface: Grass,Boundary Length (Dimension): ,Leg Side Boundary Length: ,Off Sid Boundary Length: ,Straight  Boundary Length: ,Back Side Boundary Length: ,City Oval is Batting friendly pitch.,"City Oval is Batting friendly pitch. City Oval (Pietermaritzburg) is a batting-friendly pitch, where the surface tends to favor the batters, especially early on. The pitch offers good value for shots, and scoring runs is relatively easier compared to bowling. With an average first-innings score of 185, the pitch provides ample opportunities for batters to build partnerships and set competitive totals. While there may be some assistance for bowlers, particularly later in the game, overall, it’s a ground that typically supports aggressive batting.",Pietermaritzburg
Field size: ,Surface: Grass,Boundary Length (Dimension): ,Leg Side Boundary Length: ,Off Side Boundary Length:,Back Side Boundary Length: ,The Greenfield International Stadium is  bowling-friendly pitch.,"The Greenfield International Stadium is  bowling-friendly pitch. Greenfield International Stadium is known for its bowling-friendly pitch, where bowlers typically find more assistance than batsmen. Fast bowlers can extract movement early in the game, especially with overcast conditions, while spinners come into play as the match progresses, benefiting from the pitch’s grip and turn. The surface tends to offer consistent bounce, which challenges the batsmen to play with caution. Due to these conditions, matches often see low to moderate scores, and bowling units tend to dominate, making it a challenging venue for aggressive batting.",Thiruvananthapuram
Field size: Surface: 150 mtr x 130 mtr,Boundary Length (Dimension): 164 yards x 142 yards,Leg Side Boundary Length: 54 meter,Off Side Boundary: 72 meter,Straight Boundary: 88 meter,Back Side Boundary: 52 meter,Multan Stadium is a batting pitch.,"Multan Stadium is a batting pitch. Multan Cricket Stadium is renowned for its batting-friendly conditions, offering a great surface for batsmen to score freely. The pitch provides solid support for aggressive batting early on, making it ideal for setting big totals. Although the conditions may become more challenging as the game progresses, the early stages remain favorable for batsmen. Teams winning the toss would likely choose to bat first, aiming to capitalize on the favorable conditions and put up a strong total.",Multan
Field size: ,Surface: Grass,Boundary Length (Dimension): ,Leg Side Boundary Length: ,Off Side Boundary Length:,Straight Boundary Length: ,Back Side Boundary Length: ,Jadavpur University Campus Stadium is a batting pitch.,"Jadavpur University Campus Stadium is a batting pitch. The surface offers good carry and even bounce, making it ideal for aggressive stroke play. Batsmen can score freely, particularly during the early stages of the match, as the pitch tends to favor fast scoring. While the spinners might find some assistance later in the game, overall, the pitch tends to support high-scoring encounters.",Kolkata
Field size:,Surface: Grass,Boundary Length (Dimension):,Leg Side Boundary Length:,Off Side Boundary Length:,Straight Boundary Length:,Back Side Boundary Length:,Edgbaston Cricket Ground Is a,Edgbaston Cricket Ground Is a,Birmingham
Field size: 144m x 125 m,Surface: Grass,Boundary Length (Dimension): 157 Yd x 136 Yd,Leg Side Boundary Length: 59 M,Off Side Boundary Length: 66 M,Straight Boundary Length: 82 M,Back Side Boundary Length: 61 M,Diamond Oval Stadium is a batting freindly pitch.,"Diamond Oval Stadium is a batting freindly pitch. Diamond Oval in Kimberley a paradise for batters! With its flat surface, even bounce, and lightning-fast outfield, this ground promises a run-fest. Bowlers will need all their tricks to make an impact, as batters thrive on the consistent conditions. Expect boundaries galore and high-scoring thrillers at this batting-friendly venue!",Kimberley
Field size: ,Surface: Grass,Boundary Length (Dimension): ,Leg Side Boundary Length: ,Off Side Boundary Length: ,Straight Boundary Length: ,Back Side Boundary Length: , Queens Sports Club Stadium is Batting Pitch.," Queens Sports Club Stadium is Batting Pitch. Queens Sports Club Stadium is known for its batting-friendly pitch, which offers good conditions for batsmen. The surface generally provides consistent bounce, making it ideal for players to score freely. Batting first often proves beneficial, as the pitch tends to remain solid throughout the game, allowing for big totals. However, as the match progresses, bowlers do get some opportunities, especially in the later overs. Overall, it’s a ground where batsmen can thrive, and high-scoring games are often expected.",Bulawayo
Field size: 125 m x 125 m,Surface: Grass,Boundary Length (Dimension): 150 yards x 150 yards,Leg Side Boundary: 68 meter,Off Side Boundary: 47 meter,Straight Boundary: 68 meter,Back Side Boundary: 47 meter,Western Province pitch favours bowlers,"Western Province pitch favours bowlers At Western Province Cricket Ground, the pitch tends to favor bowlers, especially in the early stages, with the potential for movement and bounce. However, the team winning the toss would likely choose to bat first. Setting a strong total early on can apply pressure to the opposition, especially when the pitch may become more challenging for bowlers as the game progresses. Batting first allows the team to capitalize on the early conditions and build a solid foundation for a competitive total.",Cape Town
Field size: ,Surface: ,Boundary Length (Dimension): ,Leg Side Boundary Length: ,Off Side Boundary Length: ,Straight Boundary Length: ,Back Side Boundary Length: ,Batting or Bowling Pitch,Batting or Bowling Pitch,Harare
Field size: ,Surface: ,Boundary Length (Dimension): ,Leg Side Boundary Length: ,Off Side Boundary Length:,Straight Boundary Length: ,Back Side Boundary Length: ,Batting or Bowling Pitch,Batting or Bowling Pitch,Providence
Field Size: ,Surface: Grass,Boundary Length (Dimension): ,Leg Side Boundary Length:,Off Side Boundary Length:,Straight Boundary Length:,Back Side Boundary Length:,Content,"Content 

If anyone wants to cover match loss or needs help in match-winning at FREE OF COST, click here and share your name. We’ll help you with the right guidance. ",Raipur
Field size: 144 M x 138 M,Surface: Grass,Boundary Length(Dimension): 157 yards x 150 yards,Leg Side Boundary Length: 67 Meters,Off Side Boundary Length: 71 Meters,Straight Boundary Length: 81 Meters,Back Side Boundary Length: 63 Meters, Balanced with a slight edge for batting.," Balanced with a slight edge for batting. Ekana Cricket Stadium in Cuttack generally favors the batsmen, with a good balance between bat and ball. The pitch tends to provide a decent amount of bounce and carry, helping the batsmen to score runs, especially in the initial overs. However, the spinners can also come into play later in the game, making it a mixed surface.",Lucknow
Field size: ,Surface: ,Boundary Length (Dimension): ,Leg Side Boundary Length: ,Off Side Boundary Length: ,Straight Boundary Length: ,Back Side Boundary Length: ,Batting or Bowling Pitch,Batting or Bowling Pitch  ,Bridgetown
Field size: ,Surface: Grass,Boundary Length (Dimension): ,Leg Side Boundary Length:,Off Side Boundary Length:,Straight Boundary Length:,Back Side Boundary Length:,EPC Solar Park Stadium is a,EPC Solar Park Stadium is a,Canberra
Field size: ,Surface: ,Boundary Length (Dimension): ,Leg Side Boundary Length: ,Off Side Boundary Length: ,Straight Boundary Length: ,Back Side Boundary Length: ,Batting or Bowling Pitch,Batting or Bowling Pitch  ,Khulna
Field size: ,Surface: Grass,Boundary Length (Dimension): ,Leg Side Boundary Length: ,Off Side Boundary Length:,Straight Boundary Length: ,Back Side Boundary Length: ,Willowmoore Park Stadium is batting pitch.,"Willowmoore Park Stadium is batting pitch. 

If anyone wants to cover match loss or needs help in match-winning at FREE OF COST, click here and share your name. We’ll help you with the right guidance.  Willowmoore Park is known for being a batting-friendly pitch, offering favorable conditions for batsmen to play their shots. The surface generally remains flat and hard, allowing the ball to come onto the bat nicely, which aids stroke play. Although bowlers can get some assistance, especially later in the game, the pitch is generally conducive to high scores.",Benoni
Field size:,Surface: Grass,Boundary Length (Dimension):,Leg Side Boundary Length:,Off Side Boundary Length:,Straight Boundary Length:,Back Side Boundary Length:,County Ground New Road Cricket Ground Is a batting Pitch.,"County Ground New Road Cricket Ground Is a batting Pitch. County Ground New Road Cricket Ground is generally considered a batting-friendly pitch. The surface offers good pace and bounce, making it ideal for batsmen to play their shots with confidence. Runs tend to flow easily, especially in the first innings, as the pitch remains firm and favorable for batting. While bowlers may find some assistance early on, the overall conditions are conducive to high scores, with the pitch becoming even better for batting as the game progresses. Teams winning the toss often opt to bat first to take full advantage of these conditions.",Worcester
Field size: 165 m × 130 m,Surface: Stabilized turf,Boundary Length (Dimension): 180 yd × 142 yd,Leg Side Boundary Length: 64m,Off Side Boundary Length: 66m,Straight Boundary Length: 92m,Back Side Boundary Length: 73m,"Perth Stadium is a bowling pitch that supports pacers.Perth Stadium is renowned for its pace and bounce, creating the perfect conditions for fast bowlers. With such a dynamic surface, this match is set to deliver an exciting start to the series. So its clearly visible that Perth Stadium is a bowling pitch.","Perth Stadium is a bowling pitch that supports pacers.Perth Stadium is renowned for its pace and bounce, creating the perfect conditions for fast bowlers. With such a dynamic surface, this match is set to deliver an exciting start to the series. So its clearly visible that Perth Stadium is a bowling pitch.",Perth
Field size: ,Surface: ,Boundary Length (Dimension): ,Leg Side Boundary Length: ,Off Side Boundary Length:,Straight Boundary Length:,Back Side Boundary Length:,Batting or Bowling Pitch,Batting or Bowling Pitch  ,Hamilton
Field size: ,Surface: ,Boundary Length (Dimension): ,Leg Side Boundary Length: ,Off Side Boundary Length:,Straight Boundary Length: ,Back Side Boundary Length: ,Batting or Bowling Pitch,Batting or Bowling Pitch,Guyana
Field size: ,Surface: ,Boundary Length (Dimension): ,Leg Side Boundary Length: ,Off Side Boundary Length:,Straight Boundary Length:,Back Side Boundary Length:,Batting or Bowling Pitch,Batting or Bowling Pitch,Dundee
Field size: ,Surface: ,Boundary Length (Dimension): ,Leg Side Boundary Length: ,Off Side Boundary Length:,Straight Boundary Length: ,Back Side Boundary Length: ,Batting or Bowling Pitch,Batting or Bowling Pitch,Gros Islet
Field size:,Surface: ,Boundary Length (Dimension): ,Leg Side Boundary Length: ,Off Side Boundary Length: ,Straight Boundary Length: ,Back Side Boundary Length:,Batting or Bowling Pitch,Batting or Bowling Pitch  ,Deventer
Field size: ,Surface: ,Boundary Length (Dimension): ,Leg Side Boundary Length: ,Off Side Boundary Length: ,Straight Boundary Length: ,Back Side Boundary Length: ,Batting or Bowling Pitch,Batting or Bowling Pitch,Dambulla
Field size: ,Surface: ,Boundary Length (Dimension): ,Leg Side Boundary Length: Off Side Boundary Length:Straight Boundary Length: Back Side Boundary Length:,Leg Side Boundary Length: ,Off Side Boundary Length:,Straight Boundary Length: ,Back Side Boundary Length:,Batting or Bowling Pitch,Batting or Bowling Pitch,Antigua
Field Size: ,Surface: Grass pitch,Boundary Length (Dimension):  ,Leg Side Boundary Length:,Off Side Boundary Length:,Straight Boundary Length:,Back Side Boundary Length:,Batting or Bowling Pitch,Batting or Bowling Pitch,Pearland
Field size: 145 M x 128 M,Surface: Grass,Boundary Length (Dimension): 158 yards x 139 yards,Leg Side Boundary Length: 60 Meters,Off Side Boundary Length: 68 Meters,Straight Boundary Length: 88 Meters,Back Side Boundary Length: 57 Meters,Galle International Stadium is batting pitch.,"Galle International Stadium is batting pitch. Galle International Stadium is known for its spin-friendly surface, making it a haven for batters who can handle turn and bounce. While the pitch offers assistance to spinners from Day 3 onward, batters often enjoy scoring runs in the early stages of the game, especially against the new ball. Patience and skill are key to building a big total here!",Galle
Field size: ,Surface: ,Boundary Length (Dimension): ,Leg Side Boundary Length: ,Off Side Boundary Length:,Straight Boundary Length: ,Back Side Boundary Length: ,Batting or Bowling Pitch,Batting or Bowling Pitch,Dublin
Field Size: ,Surface: Grass,Boundary Length (Dimension):,Leg Side Boundary Length: ,Off Side Boundary Length:,Straight Boundary Length:,Back Side Boundary Length:,Gwalior International Stadium is considered a batting pitch.,"Gwalior International Stadium is considered a batting pitch. The surface provides a solid foundation for batters, allowing them to play aggressive shots once they get set. The pitch generally offers good bounce and a consistent pace, making it easier for batsmen to time the ball well. While there may be some assistance for bowlers early on, especially in the first few overs, the conditions generally favor high scores and a free-flowing contest between bat and ball.",Gwalior
Field Size: ,Surface: Grass,Boundary Length (Dimension): ,Leg Side Boundary Length: ,Off Side Boundary Length: ,Straight Boundary Length: ,Back Side Boundary Length:,Batting or Bowling Pitch,Batting or Bowling Pitch,Pune
Field size: ,Surface: Grass,Boundary Length (Dimension):,Leg Side Boundary Length:,Off Side Boundary Length:,Straight Boundary Length:,Back Side Boundary Length:,Uptonsteel County Stadium is a ,Uptonsteel County Stadium is a ,Leicester
Field size: 145m X 120m,Surface: Grass,Boundary Length (Dimension): 158 yd x 131 Yd,Leg Side Boundary Length: 56 meters,Off Side Boundary Length: 64 meters,Straight Boundary Length: 81 meters,Back Side Boundary Length: 64 meters,University Oval Ground is batting pitch.,"University Oval Ground is batting pitch. he University Oval in Dunedin, New Zealand, is generally considered a batting-friendly pitch. Historically, it has favored batsmen, with high scores being a common occurrence. The pitch often offers good bounce and carry, making it easier for batsmen to score runs. However, it’s important to note that pitch conditions can vary depending on factors like weather and the time of year.",Dunedin
